10230953,HY418703,09/10/2015 11:56:00 PM,048XX W NORTH AVE,0498,BATTERY,AGGRAVATED DOMESTIC BATTERY: HANDS/FIST/FEET SERIOUS INJURY,APARTMENT,true,true,2533,025,37,25,04B,1143637,1910194,2015,09/17/2015 11:37:18 AM,41.909605035,-87.747777145,"(41.909605035, -87.747777145)"
10230979,HY418750,09/10/2015 11:55:00 PM,120XX S PARNELL AVE,0486,BATTERY,DOMESTIC BATTERY SIMPLE,ALLEY,true,true,0523,005,34,53,08B,1174806,1825089,2015,09/17/2015 11:37:18 AM,41.675427135,-87.63581257,"(41.675427135, -87.63581257)"
10231208,HY418843,09/10/2015 11:50:00 PM,021XX W BERWYN AVE,0820,THEFT,$500 AND UNDER,STREET,false,false,2012,020,40,4,06,1161036,1935171,2015,09/17/2015 11:37:18 AM,41.97779966,-87.683164484,"(41.97779966, -87.683164484)"
10230943,HY418702,09/10/2015 11:45:00 PM,009XX N DRAKE AVE,0486,BATTERY,DOMESTIC BATTERY SIMPLE,APARTMENT,true,true,1121,011,27,23,08B,1152539,1906092,2015,09/17/2015 11:37:18 AM,41.898177341,-87.71518334,"(41.898177341, -87.71518334)"
10230974,HY418690,09/10/2015 11:35:00 PM,038XX W HARRISON ST,0337,ROBBERY,ATTEMPT: ARMED-OTHER DANG WEAP,STREET,false,false,1133,011,24,26,03,1151141,1897093,2015,09/17/2015 11:37:18 AM,41.873510659,-87.720554136,"(41.873510659, -87.720554136)"
10231069,HY418804,09/10/2015 11:30:00 PM,016XX W 79TH ST,0890,THEFT,FROM BUILDING,RESIDENCE,false,false,0611,006,21,71,06,1166608,1852321,2015,09/17/2015 11:37:18 AM,41.75033427,-87.665045312,"(41.75033427, -87.665045312)"
10230986,HY418698,09/10/2015 11:30:00 PM,016XX E 67TH ST,0560,ASSAULT,SIMPLE,SIDEWALK,false,false,0331,003,5,42,08A,1188443,1860888,2015,09/17/2015 11:37:18 AM,41.773349622,-87.584759546,"(41.773349622, -87.584759546)"
10233462,HY421628,09/10/2015 11:30:00 PM,049XX W GLADYS AVE,1154,DECEPTIVE PRACTICE,FINANCIAL IDENTITY THEFT $300 AND UNDER,RESIDENCE,false,false,1533,015,24,25,11,1143652,1897891,2015,09/17/2015 11:37:18 AM,41.875843892,-87.748030348,"(41.875843892, -87.748030348)"
10231724,HY419244,09/10/2015 11:30:00 PM,002XX S LOTUS AVE,1320,CRIMINAL DAMAGE,TO VEHICLE,STREET,false,false,1522,015,29,25,14,1139915,1898582,2015,09/17/2015 11:37:18 AM,41.877809197,-87.761734553,"(41.877809197, -87.761734553)"
10230957,HY418714,09/10/2015 11:30:00 PM,056XX S KARLOV AVE,0820,THEFT,$500 AND UNDER,RESIDENTIAL YARD (FRONT/BACK),false,false,0813,008,13,62,06,1149996,1866916,2015,09/17/2015 11:37:18 AM,41.790723284,-87.725541949,"(41.790723284, -87.725541949)"
10230990,HY418689,09/10/2015 11:23:00 PM,048XX W WEST END AVE,0810,THEFT,OVER $500,SIDEWALK,false,false,1532,015,28,25,06,1144174,1900547,2015,09/17/2015 11:37:18 AM,41.883122495,-87.746046999,"(41.883122495, -87.746046999)"
10230959,HY418686,09/10/2015 11:23:00 PM,077XX S CORNELL AVE,0460,BATTERY,SIMPLE,APARTMENT,false,false,0414,004,8,43,08B,1188578,1854067,2015,09/17/2015 11:37:18 AM,41.754628982,-87.584482356,"(41.754628982, -87.584482356)"
10232294,HY419935,09/10/2015 11:20:00 PM,034XX N ELSTON AVE,0910,MOTOR VEHICLE THEFT,AUTOMOBILE,STREET,false,false,1733,017,33,21,07,1154986,1922990,2015,09/17/2015 11:37:18 AM,41.944498093,-87.705741447,"(41.944498093, -87.705741447)"
10230994,HY418680,09/10/2015 11:10:00 PM,016XX W HOWARD ST,0560,ASSAULT,SIMPLE,STREET,false,true,2422,024,49,1,08A,1164257,1950346,2015,09/17/2015 11:37:18 AM,42.019372548,-87.670887574,"(42.019372548, -87.670887574)"
10230945,HY418683,09/10/2015 11:05:00 PM,092XX S COTTAGE GROVE AVE,2027,NARCOTICS,POSS: CRACK,STREET,true,false,0633,006,9,44,18,1183184,1843686,2015,09/17/2015 11:37:18 AM,41.726269511,-87.604571673,"(41.726269511, -87.604571673)"
10230950,HY418692,09/10/2015 11:03:00 PM,047XX W BELMONT AVE,2022,NARCOTICS,POSS: COCAINE,STREET,true,false,1731,017,30,15,18,1144041,1920850,2015,09/17/2015 11:37:18 AM,41.93883859,-87.746024891,"(41.93883859, -87.746024891)"
10231612,HY419185,09/10/2015 11:00:00 PM,055XX S CENTRAL AVE,0820,THEFT,$500 AND UNDER,STREET,false,false,0811,008,23,56,06,1139975,1867311,2015,09/17/2015 11:37:18 AM,41.791995762,-87.762277568,"(41.791995762, -87.762277568)"
10230969,HY418724,09/10/2015 11:00:00 PM,003XX S KEDZIE AVE,0910,MOTOR VEHICLE THEFT,AUTOMOBILE,STREET,false,false,1124,011,28,27,07,1155096,1898326,2015,09/17/2015 11:37:18 AM,41.876815741,-87.706000175,"(41.876815741, -87.706000175)"
10231775,HY419289,09/10/2015 11:00:00 PM,065XX S DR MARTIN LUTHER KING JR DR,1320,CRIMINAL DAMAGE,TO VEHICLE,PARKING LOT/GARAGE(NON.RESID.),false,false,0312,003,20,69,14,1180045,1861762,2015,09/17/2015 11:37:18 AM,41.77594443,-87.615517586,"(41.77594443, -87.615517586)"
10231476,HY418844,09/10/2015 11:00:00 PM,023XX W POTOMAC AVE,0910,MOTOR VEHICLE THEFT,AUTOMOBILE,VEHICLE NON-COMMERCIAL,false,false,1424,014,1,24,07,1160415,1908583,2015,09/17/2015 11:37:18 AM,41.904853481,-87.686186369,"(41.904853481, -87.686186369)"
10232659,HY420595,09/10/2015 11:00:00 PM,037XX S CAMPBELL AVE,1320,CRIMINAL DAMAGE,TO VEHICLE,STREET,false,false,0911,009,12,58,14,1160310,1879559,2015,09/17/2015 11:37:18 AM,41.825210951,-87.687374273,"(41.825210951, -87.687374273)"
10230965,HY418758,09/10/2015 11:00:00 PM,112XX S WENTWORTH AVE,0460,BATTERY,SIMPLE,SIDEWALK,false,false,0522,005,34,49,08B,1176936,1830594,2015,09/17/2015 11:37:18 AM,41.690486111,-87.627851381,"(41.690486111, -87.627851381)"
10231266,HY418840,09/10/2015 11:00:00 PM,021XX W RICE ST,0810,THEFT,OVER $500,STREET,false,false,1212,012,32,24,06,1161988,1905650,2015,09/17/2015 11:37:18 AM,41.896772393,-87.680490258,"(41.896772393, -87.680490258)"
10232711,HY419389,09/10/2015 11:00:00 PM,006XX N LAKE SHORE DR,0820,THEFT,$500 AND UNDER,SIDEWALK,false,false,1834,018,42,8,06,1179651,1905033,2015,09/17/2015 11:37:18 AM,41.894692183,-87.615636574,"(41.894692183, -87.615636574)"
10230932,HY418687,09/10/2015 11:00:00 PM,047XX S WESTERN BLVD,2034,NARCOTICS,POSSESSION: SYNTHETIC MARIJUANA,GAS STATION,true,false,0931,009,12,61,18,1161313,1873363,2015,09/17/2015 11:37:18 AM,41.808187634,-87.683866331,"(41.808187634, -87.683866331)"
10231034,HY418786,09/10/2015 11:00:00 PM,080XX S PRINCETON AVE,0890,THEFT,FROM BUILDING,RESIDENCE,false,false,0623,006,17,44,06,1175681,1851681,2015,09/17/2015 11:37:18 AM,41.748379839,-87.631816923,"(41.748379839, -87.631816923)"
10230944,HY418669,09/10/2015 10:56:00 PM,027XX W SUMMERDALE AVE,0486,BATTERY,DOMESTIC BATTERY SIMPLE,APARTMENT,true,false,2011,020,40,4,08B,1157127,1935422,2015,09/17/2015 11:37:18 AM,41.978568931,-87.697532963,"(41.978568931, -87.697532963)"
10230941,HY418672,09/10/2015 10:54:00 PM,012XX N CLARK ST,3731,INTERFERENCE WITH PUBLIC OFFICER,OBSTRUCTING IDENTIFICATION,SIDEWALK,true,false,1821,018,42,8,24,1175313,1908559,2015,09/17/2015 11:37:18 AM,41.904466173,-87.631462688,"(41.904466173, -87.631462688)"
10232130,HY418685,09/10/2015 10:50:00 PM,064XX S CAMPBELL AVE,0560,ASSAULT,SIMPLE,RESIDENCE,false,true,0825,008,15,66,08A,1160815,1861860,2015,09/17/2015 11:37:18 AM,41.776632193,-87.68601056,"(41.776632193, -87.68601056)"
10230964,HY418677,09/10/2015 10:50:00 PM,078XX S SOUTH SHORE DR,0486,BATTERY,DOMESTIC BATTERY SIMPLE,APARTMENT,false,true,0421,004,7,46,08B,1198263,1853518,2015,09/17/2015 11:37:18 AM,41.752885677,-87.549008833,"(41.752885677, -87.549008833)"
10230922,HY418663,09/10/2015 10:48:00 PM,051XX W MONTROSE AVE,2024,NARCOTICS,POSS: HEROIN(WHITE),STREET,true,false,1624,016,45,15,18,1141240,1928767,2015,09/17/2015 11:37:18 AM,41.96061577,-87.756123438,"(41.96061577, -87.756123438)"
10230924,HY418666,09/10/2015 10:45:00 PM,018XX W LAWRENCE AVE,0460,BATTERY,SIMPLE,ATHLETIC CLUB,true,false,2032,020,47,4,08B,1163251,1931912,2015,09/17/2015 11:37:18 AM,41.968810413,-87.675110943,"(41.968810413, -87.675110943)"
10230912,HY418671,09/10/2015 10:45:00 PM,011XX S LOOMIS ST,4625,OTHER OFFENSE,PAROLE VIOLATION,STREET,true,false,1231,012,2,28,26,1167217,1894972,2015,09/17/2015 11:37:18 AM,41.867360361,-87.661592039,"(41.867360361, -87.661592039)"
10230982,HY418693,09/10/2015 10:45:00 PM,003XX E 71ST ST,031A,ROBBERY,ARMED: HANDGUN,RESIDENCE-GARAGE,false,false,0323,003,6,69,03,1179537,1858012,2015,09/17/2015 11:37:18 AM,41.765665662,-87.617494274,"(41.765665662, -87.617494274)"
10230975,HY418664,09/10/2015 10:42:00 PM,079XX S RICHMOND ST,2012,NARCOTICS,MANU/DELIVER:COCAINE,RESIDENCE-GARAGE,true,false,0835,008,18,70,18,1158092,1851786,2015,09/17/2015 11:37:18 AM,41.749043419,-87.69626654,"(41.749043419, -87.69626654)"
10230934,HY418665,09/10/2015 10:40:00 PM,0000X E ROOSEVELT RD,0320,ROBBERY,STRONGARM - NO WEAPON,CTA PLATFORM,false,false,0131,001,2,33,03,1176890,1895075,2015,09/17/2015 11:37:18 AM,41.867429804,-87.626078215,"(41.867429804, -87.626078215)"
10230897,HY418660,09/10/2015 10:40:00 PM,063XX S ASHLAND AVE,1811,NARCOTICS,POSS: CANNABIS 30GMS OR LESS,STREET,true,false,0725,007,16,67,18,1166758,1862685,2015,09/17/2015 11:37:18 AM,41.778771274,-87.664200204,"(41.778771274, -87.664200204)"
10230892,HY418658,09/10/2015 10:36:00 PM,008XX E 79TH ST,0820,THEFT,$500 AND UNDER,SIDEWALK,false,false,0624,006,8,44,06,1183359,1852811,2015,09/17/2015 11:37:18 AM,41.751305454,-87.60364723,"(41.751305454, -87.60364723)"
10230920,HY418651,09/10/2015 10:35:00 PM,044XX W HADDON AVE,0920,MOTOR VEHICLE THEFT,ATT: AUTOMOBILE,VEHICLE NON-COMMERCIAL,false,false,1111,011,37,23,07,1146541,1907286,2015,09/17/2015 11:37:18 AM,41.901570282,-87.73718322,"(41.901570282, -87.73718322)"
10231009,HY418656,09/10/2015 10:32:00 PM,001XX N CENTRAL AVE,0497,BATTERY,AGGRAVATED DOMESTIC BATTERY: OTHER DANG WEAPON,APARTMENT,true,true,1512,015,29,25,04B,1139022,1900588,2015,09/17/2015 11:37:18 AM,41.883330195,-87.764964695,"(41.883330195, -87.764964695)"
10230910,HY418673,09/10/2015 10:30:00 PM,035XX N HALSTED ST,0890,THEFT,FROM BUILDING,RESTAURANT,false,false,1924,019,44,6,06,1170295,1923707,2015,09/17/2015 11:37:18 AM,41.946144202,-87.649451266,"(41.946144202, -87.649451266)"
10238173,HY425855,09/10/2015 10:30:00 PM,045XX S ST LAWRENCE AVE,0810,THEFT,OVER $500,RESIDENTIAL YARD (FRONT/BACK),false,false,0221,002,3,38,06,,,2015,09/17/2015 11:37:18 AM,,,
10231438,HY418823,09/10/2015 10:30:00 PM,022XX W 18TH ST,0910,MOTOR VEHICLE THEFT,AUTOMOBILE,STREET,false,false,1234,012,25,31,07,1161663,1891369,2015,09/17/2015 11:37:18 AM,41.857590831,-87.682081926,"(41.857590831, -87.682081926)"
10230921,HY418655,09/10/2015 10:28:00 PM,011XX W 74TH ST,1811,NARCOTICS,POSS: CANNABIS 30GMS OR LESS,STREET,true,false,0733,007,17,68,18,1169802,1855725,2015,09/17/2015 11:37:18 AM,41.759606622,-87.653242431,"(41.759606622, -87.653242431)"
10230966,HY418641,09/10/2015 10:25:00 PM,021XX W 69TH PL,0486,BATTERY,DOMESTIC BATTERY SIMPLE,RESIDENCE,false,true,0735,007,17,67,08B,1163387,1858552,2015,09/17/2015 11:37:18 AM,41.767501074,-87.676674277,"(41.767501074, -87.676674277)"
10230936,HY418667,09/10/2015 10:23:00 PM,087XX S SOUTH CHICAGO AVE,1811,NARCOTICS,POSS: CANNABIS 30GMS OR LESS,STREET,true,false,0423,004,7,48,18,1193904,1847624,2015,09/17/2015 11:37:18 AM,41.736819983,-87.565175308,"(41.736819983, -87.565175308)"
10231007,HY418634,09/10/2015 10:20:00 PM,012XX W 76TH ST,143A,WEAPONS VIOLATION,UNLAWFUL POSS OF HANDGUN,PARK PROPERTY,true,false,0612,006,17,71,15,1169395,1854429,2015,09/17/2015 11:37:18 AM,41.756059048,-87.654771544,"(41.756059048, -87.654771544)"
10230878,HY418643,09/10/2015 10:20:00 PM,036XX W HARRISON ST,2026,NARCOTICS,POSS: PCP,STREET,true,false,1133,011,24,27,18,1152173,1897112,2015,09/17/2015 11:37:18 AM,41.873542517,-87.716764617,"(41.873542517, -87.716764617)"
10230901,HY418659,09/10/2015 10:19:00 PM,049XX W QUINCY ST,1811,NARCOTICS,POSS: CANNABIS 30GMS OR LESS,RESIDENTIAL YARD (FRONT/BACK),true,false,1533,015,28,25,18,1143683,1898552,2015,09/17/2015 11:37:18 AM,41.877657178,-87.747899972,"(41.877657178, -87.747899972)"
10230904,HY418631,09/10/2015 10:10:00 PM,042XX W 26TH ST,0860,THEFT,RETAIL THEFT,TAVERN/LIQUOR STORE,false,false,1031,010,22,30,06,1148402,1886379,2015,09/17/2015 11:37:18 AM,41.844163333,-87.730886486,"(41.844163333, -87.730886486)"
10230891,HY418644,09/10/2015 10:10:00 PM,015XX N CENTRAL AVE,502R,OTHER OFFENSE,VEHICLE TITLE/REG OFFENSE,STREET,true,false,2532,025,37,25,26,1138712,1909754,2015,09/17/2015 11:37:18 AM,41.908488459,-87.76588044,"(41.908488459, -87.76588044)"
10230951,HY418636,09/10/2015 10:08:00 PM,005XX N PINE AVE,1020,ARSON,BY FIRE,ALLEY,false,false,1523,015,37,25,09,1139442,1902944,2015,09/17/2015 11:37:18 AM,41.889787714,-87.763364941,"(41.889787714, -87.763364941)"
10230917,HY418646,09/10/2015 10:02:00 PM,059XX W OHIO ST,143A,WEAPONS VIOLATION,UNLAWFUL POSS OF HANDGUN,STREET,true,false,1511,015,29,25,15,1136692,1903373,2015,09/17/2015 11:37:18 AM,41.891014628,-87.773454024,"(41.891014628, -87.773454024)"
10230902,HY418654,09/10/2015 10:02:00 PM,086XX S VINCENNES AVE,1811,NARCOTICS,POSS: CANNABIS 30GMS OR LESS,STREET,true,false,0622,006,21,71,18,1172841,1847890,2015,09/17/2015 11:37:18 AM,41.738039905,-87.642335176,"(41.738039905, -87.642335176)"
10231641,HY419198,09/10/2015 10:00:00 PM,072XX S MAPLEWOOD AVE,2820,OTHER OFFENSE,TELEPHONE THREAT,APARTMENT,false,true,0832,008,18,66,26,1160625,1856650,2015,09/17/2015 11:37:18 AM,41.762339126,-87.686850659,"(41.762339126, -87.686850659)"
10232525,HY420225,09/10/2015 10:00:00 PM,045XX S CALUMET AVE,0810,THEFT,OVER $500,STREET,false,false,0215,002,3,38,06,1179192,1875035,2015,09/17/2015 11:37:18 AM,41.812386271,-87.618239839,"(41.812386271, -87.618239839)"
10230899,HY418639,09/10/2015 10:00:00 PM,087XX S STONY ISLAND AVE,1121,DECEPTIVE PRACTICE,COUNTERFEITING DOCUMENT,DEPARTMENT STORE,false,false,0412,004,8,48,10,1188321,1847402,2015,09/17/2015 11:37:18 AM,41.736345716,-87.585636406,"(41.736345716, -87.585636406)"
10231420,HY418937,09/10/2015 10:00:00 PM,067XX S CLYDE AVE,0910,MOTOR VEHICLE THEFT,AUTOMOBILE,STREET,false,false,0331,003,5,43,07,1191373,1860679,2015,09/17/2015 11:37:18 AM,41.772705624,-87.574025801,"(41.772705624, -87.574025801)"
10231411,HY419046,09/10/2015 10:00:00 PM,027XX N HALSTED ST,0810,THEFT,OVER $500,TAVERN/LIQUOR STORE,false,false,1935,019,43,7,06,1170459,1918651,2015,09/17/2015 11:37:18 AM,41.932266737,-87.648996818,"(41.932266737, -87.648996818)"
10231285,HY418980,09/10/2015 10:00:00 PM,031XX W IRVING PARK RD,1310,CRIMINAL DAMAGE,TO PROPERTY,OTHER,false,false,1724,017,33,16,14,1154923,1926428,2015,09/17/2015 11:37:18 AM,41.953933464,-87.705880499,"(41.953933464, -87.705880499)"
10231475,HY419082,09/10/2015 10:00:00 PM,021XX N CALIFORNIA AVE,0890,THEFT,FROM BUILDING,POLICE FACILITY/VEH PARKING LOT,false,false,1414,014,35,22,06,1157345,1914452,2015,09/17/2015 11:37:18 AM,41.921021491,-87.69730355,"(41.921021491, -87.69730355)"
10232179,HY419858,09/10/2015 10:00:00 PM,024XX N JANSSEN AVE,0810,THEFT,OVER $500,RESIDENCE-GARAGE,false,false,1932,019,32,7,06,1166229,1916383,2015,09/17/2015 11:37:18 AM,41.926134817,-87.664606457,"(41.926134817, -87.664606457)"
10230879,HY418619,09/10/2015 10:00:00 PM,051XX W 63RD ST,031A,ROBBERY,ARMED: HANDGUN,CAR WASH,false,false,0813,008,13,64,03,1143264,1862333,2015,09/17/2015 11:37:18 AM,41.778274705,-87.75034091,"(41.778274705, -87.75034091)"
10230947,HY418762,09/10/2015 10:00:00 PM,029XX S LYMAN ST,1320,CRIMINAL DAMAGE,TO VEHICLE,STREET,false,false,0913,009,11,60,14,1169037,1885046,2015,09/17/2015 11:37:18 AM,41.840083291,-87.65519836,"(41.840083291, -87.65519836)"
10235075,HY423101,09/10/2015 10:00:00 PM,019XX E 71ST ST,4387,OTHER OFFENSE,VIOLATE ORDER OF PROTECTION,RESTAURANT,false,true,0333,003,5,43,26,1190355,1858247,2015,09/17/2015 11:37:18 AM,41.766056625,-87.577835759,"(41.766056625, -87.577835759)"
10230884,HY418625,09/10/2015 10:00:00 PM,016XX W MORSE AVE,0486,BATTERY,DOMESTIC BATTERY SIMPLE,APARTMENT,false,true,2431,024,49,1,08B,1164182,1946134,2015,09/17/2015 11:37:18 AM,42.007816336,-87.671283441,"(42.007816336, -87.671283441)"
10231386,HY418882,09/10/2015 10:00:00 PM,001XX N LONG AVE,0910,MOTOR VEHICLE THEFT,AUTOMOBILE,STREET,false,false,1523,015,28,25,07,1140311,1900622,2015,09/17/2015 11:37:18 AM,41.883399972,-87.760230499,"(41.883399972, -87.760230499)"
10231214,HY418876,09/10/2015 10:00:00 PM,006XX W ARLINGTON PL,0820,THEFT,$500 AND UNDER,STREET,false,false,1935,019,43,7,06,1171675,1916638,2015,09/17/2015 11:37:18 AM,41.926716257,-87.644587631,"(41.926716257, -87.644587631)"
10235408,HY423634,09/10/2015 10:00:00 PM,065XX S LAFLIN ST,1811,NARCOTICS,POSS: CANNABIS 30GMS OR LESS,STREET,false,false,0725,007,17,67,18,1167463,1861297,2015,09/17/2015 11:37:18 AM,41.774947344,-87.661655362,"(41.774947344, -87.661655362)"
10230888,HY418623,09/10/2015 10:00:00 PM,121XX S WALLACE ST,0496,BATTERY,AGGRAVATED DOMESTIC BATTERY: KNIFE/CUTTING INST,RESIDENCE,false,true,0523,005,34,53,04B,1174501,1824360,2015,09/17/2015 11:37:18 AM,41.673433411,-87.636950492,"(41.673433411, -87.636950492)"
10231037,HY418642,09/10/2015 09:54:00 PM,004XX E 91ST ST,143A,WEAPONS VIOLATION,UNLAWFUL POSS OF HANDGUN,STREET,true,false,0633,006,6,44,15,1180762,1844738,2015,09/17/2015 11:37:18 AM,41.729212253,-87.613411359,"(41.729212253, -87.613411359)"
10230962,HY418616,09/10/2015 09:51:00 PM,055XX S HALSTED ST,0486,BATTERY,DOMESTIC BATTERY SIMPLE,APARTMENT,false,true,0711,007,3,68,08B,1171915,1868079,2015,09/17/2015 11:37:18 AM,41.793461345,-87.645135997,"(41.793461345, -87.645135997)"
10230915,HY418608,09/10/2015 09:50:00 PM,015XX N CENTRAL AVE,0860,THEFT,RETAIL THEFT,SMALL RETAIL STORE,true,false,2531,025,29,25,06,1138712,1909741,2015,09/17/2015 11:37:18 AM,41.908452786,-87.765880756,"(41.908452786, -87.765880756)"
10230869,HY418630,09/10/2015 09:45:00 PM,013XX W 98TH ST,1320,CRIMINAL DAMAGE,TO VEHICLE,STREET,false,false,2213,022,21,73,14,1169194,1839797,2015,09/17/2015 11:37:18 AM,41.715911101,-87.655930226,"(41.715911101, -87.655930226)"
10230896,HY418624,09/10/2015 09:42:00 PM,0000X S CALIFORNIA AVE,2024,NARCOTICS,POSS: HEROIN(WHITE),SIDEWALK,true,false,1124,011,2,27,18,1157732,1899791,2015,09/17/2015 11:37:18 AM,41.880782564,-87.696281635,"(41.880782564, -87.696281635)"
10230858,HY418601,09/10/2015 09:40:00 PM,044XX S MOZART ST,1310,CRIMINAL DAMAGE,TO PROPERTY,RESIDENCE,false,false,0922,009,12,58,14,1158106,1875165,2015,09/17/2015 11:37:18 AM,41.813198456,-87.695579849,"(41.813198456, -87.695579849)"
10230845,HY418606,09/10/2015 09:32:00 PM,090XX S PAULINA ST,1811,NARCOTICS,POSS: CANNABIS 30GMS OR LESS,ALLEY,true,false,2221,022,21,73,18,1166589,1844915,2015,09/17/2015 11:37:18 AM,41.73001153,-87.665325599,"(41.73001153, -87.665325599)"
10231036,HY418795,09/10/2015 09:30:00 PM,030XX W MARQUETTE RD,1310,CRIMINAL DAMAGE,TO PROPERTY,RESIDENCE-GARAGE,false,false,0831,008,15,66,14,1157095,1860043,2015,09/17/2015 11:37:18 AM,41.771722106,-87.699697093,"(41.771722106, -87.699697093)"
10231710,HY419250,09/10/2015 09:30:00 PM,070XX W MELROSE ST,0610,BURGLARY,FORCIBLE ENTRY,RESIDENCE-GARAGE,false,false,1632,016,36,17,05,1128830,1920800,2015,09/17/2015 11:37:18 AM,41.938973738,-87.801931294,"(41.938973738, -87.801931294)"
10234448,HY422522,09/10/2015 09:30:00 PM,103XX S OGLESBY AVE,1320,CRIMINAL DAMAGE,TO VEHICLE,RESIDENCE-GARAGE,false,true,0434,004,10,51,14,1193855,1836828,2015,09/17/2015 11:37:18 AM,41.707195937,-87.565707508,"(41.707195937, -87.565707508)"
10235053,HY418674,09/10/2015 09:24:00 PM,028XX E 79TH ST,3731,INTERFERENCE WITH PUBLIC OFFICER,OBSTRUCTING IDENTIFICATION,STREET,true,false,0421,004,7,43,24,1196696,1853140,2015,09/17/2015 11:37:18 AM,41.751887474,-87.554763668,"(41.751887474, -87.554763668)"
10230928,HY418602,09/10/2015 09:20:00 PM,060XX S PEORIA ST,0486,BATTERY,DOMESTIC BATTERY SIMPLE,APARTMENT,false,true,0712,007,16,68,08B,1171348,1864576,2015,09/17/2015 11:37:18 AM,41.783861156,-87.647317625,"(41.783861156, -87.647317625)"
10230889,HY418633,09/10/2015 09:20:00 PM,032XX N CICERO AVE,1320,CRIMINAL DAMAGE,TO VEHICLE,STREET,false,false,1634,016,30,15,14,1143808,1920986,2015,09/17/2015 11:37:18 AM,41.939216164,-87.746877814,"(41.939216164, -87.746877814)"
10231887,HY419397,09/10/2015 09:15:00 PM,108XX S DRAKE AVE,0820,THEFT,$500 AND UNDER,STREET,false,false,2211,022,19,74,06,1154608,1832469,2015,09/17/2015 11:37:18 AM,41.696104206,-87.709546286,"(41.696104206, -87.709546286)"
10230871,HY418604,09/10/2015 09:15:00 PM,043XX S PRAIRIE AVE,2900,WEAPONS VIOLATION,UNLAWFUL USE/SALE AIR RIFLE,STREET,true,false,0215,002,3,38,15,1178763,1876310,2015,09/17/2015 11:37:18 AM,41.815894764,-87.619774562,"(41.815894764, -87.619774562)"
10230852,HY418582,09/10/2015 09:11:00 PM,053XX N BROADWAY,0860,THEFT,RETAIL THEFT,GROCERY FOOD STORE,true,false,2023,020,48,77,06,1167347,1935654,2015,09/17/2015 11:37:18 AM,41.978991238,-87.659941972,"(41.978991238, -87.659941972)"
10230930,HY418609,09/10/2015 09:08:00 PM,101XX S BENSLEY AVE,0454,BATTERY,AGG PO HANDS NO/MIN INJURY,STREET,false,false,0431,004,10,51,08B,1194490,1838145,2015,09/17/2015 11:37:18 AM,41.710794359,-87.563339056,"(41.710794359, -87.563339056)"
10230819,HY418576,09/10/2015 09:08:00 PM,031XX W 63RD ST,2024,NARCOTICS,POSS: HEROIN(WHITE),SIDEWALK,true,false,0823,008,15,66,18,1156617,1862691,2015,09/17/2015 11:37:18 AM,41.778998263,-87.701377971,"(41.778998263, -87.701377971)"
10236472,HY424103,09/10/2015 09:00:00 PM,050XX S DREXEL BLVD,0820,THEFT,$500 AND UNDER,STREET,false,false,0222,002,4,39,06,1183168,1871743,2015,09/17/2015 11:37:18 AM,41.803261053,-87.603758561,"(41.803261053, -87.603758561)"
10230865,HY418568,09/10/2015 09:00:00 PM,041XX N MOZART ST,0486,BATTERY,DOMESTIC BATTERY SIMPLE,RESIDENCE,false,true,1724,017,33,16,08B,1156639,1927407,2015,09/17/2015 11:37:18 AM,41.956585251,-87.699545646,"(41.956585251, -87.699545646)"
10230997,HY418649,09/10/2015 09:00:00 PM,079XX S WOOD ST,0650,BURGLARY,HOME INVASION,RESIDENCE,false,false,0611,006,21,71,05,1165729,1852059,2015,09/17/2015 11:37:18 AM,41.749633994,-87.668273798,"(41.749633994, -87.668273798)"
10231246,HY418611,09/10/2015 09:00:00 PM,036XX W FRANKLIN BLVD,0281,CRIM SEXUAL ASSAULT,NON-AGGRAVATED,STREET,false,true,1122,011,27,23,02,1152204,1903093,2015,09/17/2015 11:37:18 AM,41.889954403,-87.716492966,"(41.889954403, -87.716492966)"
10232177,HY419863,09/10/2015 09:00:00 PM,008XX N LECLAIRE AVE,0486,BATTERY,DOMESTIC BATTERY SIMPLE,RESIDENCE,false,true,1531,015,37,25,08B,1142204,1905059,2015,09/17/2015 11:37:18 AM,41.895540733,-87.753169016,"(41.895540733, -87.753169016)"
10231817,HY419029,09/10/2015 09:00:00 PM,032XX N CENTRAL AVE,0810,THEFT,OVER $500,PARKING LOT/GARAGE(NON.RESID.),false,false,1633,016,38,15,06,1138455,1921199,2015,09/17/2015 11:37:18 AM,41.939899462,-87.766546647,"(41.939899462, -87.766546647)"
10231185,HY418792,09/10/2015 09:00:00 PM,018XX W SCHOOL ST,0820,THEFT,$500 AND UNDER,STREET,false,false,1922,019,32,5,06,1163445,1921939,2015,09/17/2015 11:37:18 AM,41.941439929,-87.674679452,"(41.941439929, -87.674679452)"
10230885,HY418589,09/10/2015 09:00:00 PM,008XX E 65TH ST,143A,WEAPONS VIOLATION,UNLAWFUL POSS OF HANDGUN,ALLEY,true,false,0312,003,20,42,15,1183162,1862099,2015,09/17/2015 11:37:18 AM,41.776797226,-87.604080575,"(41.776797226, -87.604080575)"
10231370,HY418961,09/10/2015 09:00:00 PM,035XX N OKETO AVE,1310,CRIMINAL DAMAGE,TO PROPERTY,RESIDENCE,false,false,1631,016,36,17,14,1126142,1922660,2015,09/17/2015 11:37:18 AM,41.944123105,-87.811769013,"(41.944123105, -87.811769013)"
10234636,HY422732,09/10/2015 09:00:00 PM,003XX E NORTH WATER ST,0917,MOTOR VEHICLE THEFT,"CYCLE, SCOOTER, BIKE W-VIN",STREET,false,false,1834,018,42,8,07,1179015,1903137,2015,09/17/2015 11:37:18 AM,41.889504047,-87.618030441,"(41.889504047, -87.618030441)"
10231814,HY419332,09/10/2015 09:00:00 PM,062XX S MEADE AVE,0610,BURGLARY,FORCIBLE ENTRY,RESIDENCE-GARAGE,false,false,0812,008,23,64,05,1136812,1862625,2015,09/17/2015 11:37:18 AM,41.779193604,-87.77398778,"(41.779193604, -87.77398778)"
10230843,HY418575,09/10/2015 08:55:00 PM,043XX W GLADYS AVE,2092,NARCOTICS,SOLICIT NARCOTICS ON PUBLICWAY,SIDEWALK,true,false,1131,011,28,26,18,1147607,1898004,2015,09/17/2015 11:37:18 AM,41.87607905,-87.733505972,"(41.87607905, -87.733505972)"
10230854,HY418564,09/10/2015 08:45:00 PM,001XX S LEAMINGTON AVE,0486,BATTERY,DOMESTIC BATTERY SIMPLE,STREET,true,true,1533,015,28,25,08B,1142155,1899002,2015,09/17/2015 11:37:18 AM,41.878920498,-87.753499302,"(41.878920498, -87.753499302)"
10231444,HY418850,09/10/2015 08:45:00 PM,014XX N CLEAVER ST,0910,MOTOR VEHICLE THEFT,AUTOMOBILE,STREET,false,false,1433,014,1,24,07,1166456,1909708,2015,09/17/2015 11:37:18 AM,41.907813353,-87.66396378,"(41.907813353, -87.66396378)"
10234673,HY421608,09/10/2015 08:40:00 PM,011XX S CANAL ST,0890,THEFT,FROM BUILDING,GROCERY FOOD STORE,false,false,0124,001,2,28,06,1173303,1895451,2015,09/17/2015 11:37:18 AM,41.868541914,-87.639235361,"(41.868541914, -87.639235361)"
10230906,HY418597,09/10/2015 08:40:00 PM,042XX W MONTROSE AVE,0820,THEFT,$500 AND UNDER,SMALL RETAIL STORE,false,false,1722,017,38,16,06,1147330,1928905,2015,09/17/2015 11:37:18 AM,41.9608797,-87.733729763,"(41.9608797, -87.733729763)"
10230886,HY418590,09/10/2015 08:35:00 PM,075XX N PAULINA ST,3731,INTERFERENCE WITH PUBLIC OFFICER,OBSTRUCTING IDENTIFICATION,CTA STATION,true,false,2422,024,49,1,24,1163647,1950110,2015,09/17/2015 11:37:18 AM,42.018737893,-87.673138996,"(42.018737893, -87.673138996)"
10230795,HY418559,09/10/2015 08:35:00 PM,008XX S WABASH AVE,1811,NARCOTICS,POSS: CANNABIS 30GMS OR LESS,SIDEWALK,true,false,0123,001,2,32,18,1176919,1896523,2015,09/17/2015 11:37:18 AM,41.871402549,-87.625927945,"(41.871402549, -87.625927945)"
10231301,HY418940,09/10/2015 08:34:00 PM,060XX W MELROSE ST,2826,OTHER OFFENSE,HARASSMENT BY ELECTRONIC MEANS,RESIDENCE,false,true,1633,016,36,17,26,1135624,1920982,2015,09/17/2015 11:37:18 AM,41.939354883,-87.7769568,"(41.939354883, -87.7769568)"
10230830,HY418561,09/10/2015 08:33:00 PM,002XX S LOTUS AVE,0460,BATTERY,SIMPLE,SIDEWALK,false,false,1522,015,29,25,08B,1139911,1898709,2015,09/17/2015 11:37:18 AM,41.878157774,-87.761746134,"(41.878157774, -87.761746134)"
10230850,HY418562,09/10/2015 08:33:00 PM,090XX S JEFFERY BLVD,0486,BATTERY,DOMESTIC BATTERY SIMPLE,RESIDENCE,false,true,0413,004,8,48,08B,1191086,1845464,2015,09/17/2015 11:37:18 AM,41.730961294,-87.575569065,"(41.730961294, -87.575569065)"
10231776,HY419210,09/10/2015 08:30:00 PM,068XX S PERRY AVE,0620,BURGLARY,UNLAWFUL ENTRY,APARTMENT,false,false,0722,007,6,69,05,1176579,1859596,2015,09/17/2015 11:37:18 AM,41.770079376,-87.628288655,"(41.770079376, -87.628288655)"
10231290,HY418984,09/10/2015 08:30:00 PM,057XX N GLENWOOD AVE,1320,CRIMINAL DAMAGE,TO VEHICLE,STREET,false,false,2013,020,48,77,14,1165945,1938180,2015,09/17/2015 11:37:18 AM,41.985952785,-87.665025405,"(41.985952785, -87.665025405)"
10230800,HY418557,09/10/2015 08:30:00 PM,075XX N PAULINA ST,1811,NARCOTICS,POSS: CANNABIS 30GMS OR LESS,SIDEWALK,true,false,2422,024,49,1,18,1163637,1950118,2015,09/17/2015 11:37:18 AM,42.018760057,-87.673175567,"(42.018760057, -87.673175567)"
10231013,HY418694,09/10/2015 08:30:00 PM,034XX W ROOSEVELT RD,0430,BATTERY,AGGRAVATED: OTHER DANG WEAPON,RESTAURANT,false,false,1021,010,24,29,04B,1153531,1894495,2015,09/17/2015 11:37:18 AM,41.866334308,-87.711848248,"(41.866334308, -87.711848248)"
10231325,HY418957,09/10/2015 08:30:00 PM,030XX S HOMAN AVE,0910,MOTOR VEHICLE THEFT,AUTOMOBILE,STREET,false,false,1032,010,22,30,07,1154184,1884128,2015,09/17/2015 11:37:18 AM,41.837873056,-87.709727399,"(41.837873056, -87.709727399)"
10230793,HY418547,09/10/2015 08:10:00 PM,035XX W CERMAK RD,1320,CRIMINAL DAMAGE,TO VEHICLE,STREET,false,false,1024,010,22,30,14,1153173,1889153,2015,09/17/2015 11:37:18 AM,41.85168235,-87.713304129,"(41.85168235, -87.713304129)"
10230890,HY418618,09/10/2015 08:02:00 PM,028XX S SACRAMENTO AVE,0460,BATTERY,SIMPLE,SIDEWALK,false,false,1033,010,12,30,08B,1156822,1885102,2015,09/17/2015 11:37:18 AM,41.840492863,-87.700020957,"(41.840492863, -87.700020957)"
10231063,HY418810,09/10/2015 08:00:00 PM,010XX W BARRY AVE,0820,THEFT,$500 AND UNDER,STREET,false,false,1933,019,44,6,06,1168880,1920756,2015,09/17/2015 11:37:18 AM,41.938077393,-87.654738174,"(41.938077393, -87.654738174)"
10232458,HY418991,09/10/2015 08:00:00 PM,024XX N KIMBALL AVE,0820,THEFT,$500 AND UNDER,STREET,false,false,1413,014,26,22,06,1153297,1916104,2015,09/17/2015 11:37:18 AM,41.92563614,-87.712132918,"(41.92563614, -87.712132918)"
10231197,HY418869,09/10/2015 08:00:00 PM,065XX S KIMBARK AVE,1320,CRIMINAL DAMAGE,TO VEHICLE,STREET,false,false,0321,003,20,42,14,1185766,1861814,2015,09/17/2015 11:37:18 AM,41.775954169,-87.594543506,"(41.775954169, -87.594543506)"
10231078,HY418806,09/10/2015 08:00:00 PM,052XX N WAYNE AVE,0910,MOTOR VEHICLE THEFT,AUTOMOBILE,STREET,false,false,2013,020,48,77,07,1166364,1934962,2015,09/17/2015 11:37:18 AM,41.977113517,-87.663576893,"(41.977113517, -87.663576893)"
10230881,HY418543,09/10/2015 08:00:00 PM,001XX N STATE ST,0860,THEFT,RETAIL THEFT,DEPARTMENT STORE,true,false,0111,001,42,32,06,1176352,1900927,2015,09/17/2015 11:37:18 AM,41.883500187,-87.627876698,"(41.883500187, -87.627876698)"
10232308,HY418717,09/10/2015 08:00:00 PM,069XX S PARNELL AVE,0420,BATTERY,AGGRAVATED:KNIFE/CUTTING INSTR,STREET,false,false,0732,007,6,68,04B,1173814,1858990,2015,09/17/2015 11:37:18 AM,41.768478193,-87.638441887,"(41.768478193, -87.638441887)"
10230956,HY418652,09/10/2015 08:00:00 PM,079XX S WOOD ST,0620,BURGLARY,UNLAWFUL ENTRY,RESIDENCE,false,false,0611,006,21,71,05,1165729,1852059,2015,09/17/2015 11:37:18 AM,41.749633994,-87.668273798,"(41.749633994, -87.668273798)"
10231303,HY418877,09/10/2015 08:00:00 PM,032XX N NEWCASTLE AVE,0610,BURGLARY,FORCIBLE ENTRY,RESIDENCE-GARAGE,false,false,1632,016,36,17,05,1130187,1920833,2015,09/17/2015 11:37:18 AM,41.939041103,-87.796943108,"(41.939041103, -87.796943108)"
10230862,HY418550,09/10/2015 08:00:00 PM,079XX S SANGAMON ST,0486,BATTERY,DOMESTIC BATTERY SIMPLE,APARTMENT,true,true,0621,006,17,71,08B,1171356,1852118,2015,09/17/2015 11:37:18 AM,41.749674695,-87.647652413,"(41.749674695, -87.647652413)"
10232389,HY419134,09/10/2015 08:00:00 PM,059XX N RIDGE AVE,0910,MOTOR VEHICLE THEFT,AUTOMOBILE,PARKING LOT/GARAGE(NON.RESID.),false,false,2012,020,40,77,07,1164087,1939861,2015,09/17/2015 11:37:18 AM,41.99060508,-87.671811275,"(41.99060508, -87.671811275)"
10238340,HY425931,09/10/2015 08:00:00 PM,017XX W DIVISION ST,0820,THEFT,$500 AND UNDER,RESIDENCE-GARAGE,false,false,1213,012,1,24,06,,,2015,09/17/2015 11:37:18 AM,,,
10230838,HY418546,09/10/2015 07:56:00 PM,018XX N HARLEM AVE,0820,THEFT,$500 AND UNDER,PARKING LOT/GARAGE(NON.RESID.),false,true,2513,025,36,25,06,1127807,1911338,2015,09/17/2015 11:37:18 AM,41.913026146,-87.805905069,"(41.913026146, -87.805905069)"
10230794,HY418544,09/10/2015 07:52:00 PM,013XX W 87TH ST,3731,INTERFERENCE WITH PUBLIC OFFICER,OBSTRUCTING IDENTIFICATION,STREET,true,false,0613,006,21,71,24,1168694,1847067,2015,09/17/2015 11:37:18 AM,41.735871842,-87.657552447,"(41.735871842, -87.657552447)"
10230903,HY418511,09/10/2015 07:51:00 PM,024XX E 75TH ST,041A,BATTERY,AGGRAVATED: HANDGUN,SIDEWALK,false,false,0334,003,7,43,04B,1193587,1855701,2015,09/17/2015 11:37:18 AM,41.758991698,-87.566072806,"(41.758991698, -87.566072806)"
10230786,HY418522,09/10/2015 07:50:00 PM,117XX S LAFAYETTE AVE,0870,THEFT,POCKET-PICKING,SIDEWALK,false,false,0522,005,34,53,06,1178019,1827177,2015,09/17/2015 11:37:18 AM,41.681084948,-87.623989486,"(41.681084948, -87.623989486)"
10230863,HY418587,09/10/2015 07:47:00 PM,040XX W 21ST PL,1811,NARCOTICS,POSS: CANNABIS 30GMS OR LESS,ALLEY,true,false,1012,010,24,29,18,1149810,1889454,2015,09/17/2015 11:37:18 AM,41.852574303,-87.725639472,"(41.852574303, -87.725639472)"
10230846,HY418534,09/10/2015 07:45:00 PM,001XX W 112TH ST,1811,NARCOTICS,POSS: CANNABIS 30GMS OR LESS,SIDEWALK,true,false,0522,005,34,49,18,1177344,1830687,2015,09/17/2015 11:37:18 AM,41.690732137,-87.626354884,"(41.690732137, -87.626354884)"
10230798,HY418545,09/10/2015 07:45:00 PM,030XX W AINSLIE ST,1811,NARCOTICS,POSS: CANNABIS 30GMS OR LESS,SIDEWALK,true,false,1713,017,33,14,18,1155073,1932393,2015,09/17/2015 11:37:18 AM,41.970298774,-87.705168325,"(41.970298774, -87.705168325)"
10230831,HY418535,09/10/2015 07:40:00 PM,023XX W IOWA ST,0620,BURGLARY,UNLAWFUL ENTRY,RESIDENCE,false,false,1212,012,32,24,05,1160661,1905937,2015,09/17/2015 11:37:18 AM,41.89758755,-87.685356151,"(41.89758755, -87.685356151)"
10230777,HY418508,09/10/2015 07:33:00 PM,028XX W FULTON ST,2024,NARCOTICS,POSS: HEROIN(WHITE),ALLEY,true,false,1222,012,27,27,18,1157364,1901881,2015,09/17/2015 11:37:18 AM,41.88652521,-87.697576052,"(41.88652521, -87.697576052)"
10231263,HY418793,09/10/2015 07:30:00 PM,026XX S LA SALLE ST,0610,BURGLARY,FORCIBLE ENTRY,OTHER,false,false,0914,009,11,34,05,1175711,1886973,2015,09/17/2015 11:37:18 AM,41.845223919,-87.630649875,"(41.845223919, -87.630649875)"
10230738,HY418510,09/10/2015 07:30:00 PM,110XX S WENTWORTH AVE,1811,NARCOTICS,POSS: CANNABIS 30GMS OR LESS,SIDEWALK,true,false,0513,005,34,49,18,1176910,1831552,2015,09/17/2015 11:37:18 AM,41.693115588,-87.627917846,"(41.693115588, -87.627917846)"
10231427,HY418845,09/10/2015 07:30:00 PM,043XX S MICHIGAN AVE,0820,THEFT,$500 AND UNDER,STREET,false,false,0215,002,3,38,06,1177881,1876291,2015,09/17/2015 11:37:18 AM,41.815862679,-87.623010459,"(41.815862679, -87.623010459)"
10230857,HY418600,09/10/2015 07:30:00 PM,003XX N CANAL ST,0820,THEFT,$500 AND UNDER,PARKING LOT/GARAGE(NON.RESID.),false,false,1214,012,42,28,06,1173064,1902174,2015,09/17/2015 11:37:18 AM,41.886995567,-87.639913366,"(41.886995567, -87.639913366)"
10230861,HY418594,09/10/2015 07:28:00 PM,006XX W HUBBARD ST,1320,CRIMINAL DAMAGE,TO VEHICLE,STREET,false,false,1214,012,27,24,14,1171647,1903301,2015,09/17/2015 11:37:18 AM,41.890119429,-87.645083744,"(41.890119429, -87.645083744)"
10232033,HY419643,09/10/2015 07:15:00 PM,074XX N DAMEN AVE,0910,MOTOR VEHICLE THEFT,AUTOMOBILE,STREET,false,true,2424,024,49,1,07,1161660,1949506,2015,09/17/2015 11:37:18 AM,42.017122327,-87.680467796,"(42.017122327, -87.680467796)"
10230757,HY418492,09/10/2015 07:15:00 PM,006XX S ST LOUIS AVE,5011,OTHER OFFENSE,LICENSE VIOLATION,STREET,false,false,1133,011,24,27,26,1153141,1897054,2015,09/17/2015 11:37:18 AM,41.873364223,-87.713212117,"(41.873364223, -87.713212117)"
10230779,HY418507,09/10/2015 07:13:00 PM,065XX S ARTESIAN AVE,2014,NARCOTICS,MANU/DELIVER: HEROIN (WHITE),ALLEY,true,false,0832,008,15,66,18,1161168,1861124,2015,09/17/2015 11:37:18 AM,41.774605207,-87.684736821,"(41.774605207, -87.684736821)"
10230740,HY418466,09/10/2015 07:10:00 PM,074XX N DAMEN AVE,0486,BATTERY,DOMESTIC BATTERY SIMPLE,APARTMENT,false,true,2424,024,49,1,08B,1161660,1949506,2015,09/17/2015 11:37:18 AM,42.017122327,-87.680467796,"(42.017122327, -87.680467796)"
10230733,HY418472,09/10/2015 07:10:00 PM,015XX N LOREL AVE,2092,NARCOTICS,SOLICIT NARCOTICS ON PUBLICWAY,SIDEWALK,true,false,2532,025,37,25,18,1140406,1909763,2015,09/17/2015 11:37:18 AM,41.908482235,-87.759657206,"(41.908482235, -87.759657206)"
10230731,HY418487,09/10/2015 07:05:00 PM,078XX S SAGINAW AVE,1811,NARCOTICS,POSS: CANNABIS 30GMS OR LESS,SIDEWALK,true,false,0421,004,7,43,18,1195282,1853468,2015,09/17/2015 11:37:18 AM,41.752822526,-87.559934418,"(41.752822526, -87.559934418)"
10230797,HY418482,09/10/2015 07:05:00 PM,034XX W ROOSEVELT RD,0460,BATTERY,SIMPLE,RESTAURANT,false,false,1021,010,24,29,08B,1153531,1894495,2015,09/17/2015 11:37:18 AM,41.866334308,-87.711848248,"(41.866334308, -87.711848248)"
10230774,HY418450,09/10/2015 07:00:00 PM,052XX W FERDINAND ST,0460,BATTERY,SIMPLE,RESIDENTIAL YARD (FRONT/BACK),false,false,1523,015,28,25,08B,1141343,1902645,2015,09/17/2015 11:37:18 AM,41.888932359,-87.756390926,"(41.888932359, -87.756390926)"
10230807,HY418580,09/10/2015 07:00:00 PM,083XX S RACINE AVE,0820,THEFT,$500 AND UNDER,RESIDENTIAL YARD (FRONT/BACK),false,false,0613,006,21,71,06,1169773,1849552,2015,09/17/2015 11:37:18 AM,41.742667712,-87.65352747,"(41.742667712, -87.65352747)"
10230726,HY418477,09/10/2015 07:00:00 PM,040XX W MAYPOLE AVE,2024,NARCOTICS,POSS: HEROIN(WHITE),SIDEWALK,true,false,1114,011,28,26,18,1149540,1901149,2015,09/17/2015 11:37:18 AM,41.884671991,-87.726326938,"(41.884671991, -87.726326938)"
10230820,HY418486,09/10/2015 07:00:00 PM,010XX W DAKIN ST,0820,THEFT,$500 AND UNDER,CTA PLATFORM,false,false,1923,019,44,6,06,1168687,1926375,2015,09/17/2015 11:37:18 AM,41.953500354,-87.655284123,"(41.953500354, -87.655284123)"
10232798,HY420542,09/10/2015 07:00:00 PM,006XX W 69TH ST,0910,MOTOR VEHICLE THEFT,AUTOMOBILE,STREET,false,false,0723,007,6,68,07,1173067,1859135,2015,09/17/2015 11:37:18 AM,41.768892619,-87.641175722,"(41.768892619, -87.641175722)"
10231211,HY418933,09/10/2015 07:00:00 PM,003XX N PULASKI RD,0460,BATTERY,SIMPLE,CLEANING STORE,false,false,1114,011,28,26,08B,1149675,1901639,2015,09/17/2015 11:37:18 AM,41.886013983,-87.725818456,"(41.886013983, -87.725818456)"
10237401,HY425336,09/10/2015 07:00:00 PM,0000X S STATE ST,1150,DECEPTIVE PRACTICE,CREDIT CARD FRAUD,DEPARTMENT STORE,false,false,0112,001,42,32,11,,,2015,09/17/2015 11:37:18 AM,,,
10231655,HY418818,09/10/2015 07:00:00 PM,005XX N GREEN ST,0610,BURGLARY,FORCIBLE ENTRY,OTHER,false,false,1214,012,27,24,05,1170632,1903754,2015,09/17/2015 11:37:18 AM,41.89138477,-87.648797987,"(41.89138477, -87.648797987)"
10230876,HY418542,09/10/2015 07:00:00 PM,083XX S MUSKEGON AVE,0820,THEFT,$500 AND UNDER,APARTMENT,false,true,0423,004,10,46,06,1196610,1850101,2015,09/17/2015 11:37:18 AM,41.743550363,-87.555179525,"(41.743550363, -87.555179525)"
10231314,HY419007,09/10/2015 07:00:00 PM,030XX W 63RD ST,1310,CRIMINAL DAMAGE,TO PROPERTY,SMALL RETAIL STORE,false,false,0823,008,15,66,14,1156989,1862701,2015,09/17/2015 11:37:18 AM,41.779018194,-87.700013904,"(41.779018194, -87.700013904)"
10231202,HY418824,09/10/2015 07:00:00 PM,066XX N ARTESIAN AVE,1320,CRIMINAL DAMAGE,TO VEHICLE,STREET,false,false,2412,024,50,2,14,1158783,1943901,2015,09/17/2015 11:37:18 AM,42.00180176,-87.691209158,"(42.00180176, -87.691209158)"
10230736,HY418464,09/10/2015 06:59:00 PM,073XX N BELL AVE,0486,BATTERY,DOMESTIC BATTERY SIMPLE,RESIDENCE,false,true,2411,024,49,2,08B,1160112,1948518,2015,09/17/2015 11:37:18 AM,42.014443488,-87.68619154,"(42.014443488, -87.68619154)"
10230908,HY418520,09/10/2015 06:57:00 PM,013XX N CLYBOURN AVE,143A,WEAPONS VIOLATION,UNLAWFUL POSS OF HANDGUN,STREET,true,false,1821,018,43,8,15,1172319,1909034,2015,09/17/2015 11:37:18 AM,41.905836293,-87.642446327,"(41.905836293, -87.642446327)"
10230804,HY418479,09/10/2015 06:55:00 PM,054XX S PAULINA ST,0337,ROBBERY,ATTEMPT: ARMED-OTHER DANG WEAP,SIDEWALK,true,false,0932,009,16,61,03,1165933,1868727,2015,09/17/2015 11:37:18 AM,41.795368851,-87.66705307,"(41.795368851, -87.66705307)"
10230769,HY418473,09/10/2015 06:55:00 PM,051XX W MADISON ST,1811,NARCOTICS,POSS: CANNABIS 30GMS OR LESS,SIDEWALK,true,false,1533,015,28,25,18,1142023,1899535,2015,09/17/2015 11:37:18 AM,41.880385563,-87.753970777,"(41.880385563, -87.753970777)"
10230756,HY418491,09/10/2015 06:55:00 PM,011XX S CANAL ST,0860,THEFT,RETAIL THEFT,SMALL RETAIL STORE,false,false,0124,001,2,28,06,1173303,1895451,2015,09/17/2015 11:37:18 AM,41.868541914,-87.639235361,"(41.868541914, -87.639235361)"
10230734,HY418489,09/10/2015 06:54:00 PM,011XX S CALIFORNIA AVE,2092,NARCOTICS,SOLICIT NARCOTICS ON PUBLICWAY,SIDEWALK,true,false,1135,011,28,29,18,1157860,1895069,2015,09/17/2015 11:37:18 AM,41.867822323,-87.695940386,"(41.867822323, -87.695940386)"
10230773,HY418469,09/10/2015 06:54:00 PM,049XX W THOMAS ST,0460,BATTERY,SIMPLE,RESIDENTIAL YARD (FRONT/BACK),false,false,1531,015,37,25,08B,1143192,1906865,2015,09/17/2015 11:37:18 AM,41.900478214,-87.749495139,"(41.900478214, -87.749495139)"
10230748,HY418496,09/10/2015 06:50:00 PM,072XX S JEFFERY BLVD,143B,WEAPONS VIOLATION,UNLAWFUL POSS OTHER FIREARM,SIDEWALK,true,false,0333,003,5,43,15,1190792,1857540,2015,09/17/2015 11:37:18 AM,41.764106016,-87.576256836,"(41.764106016, -87.576256836)"
10230766,HY418459,09/10/2015 06:50:00 PM,018XX S THROOP ST,0560,ASSAULT,SIMPLE,SIDEWALK,false,false,1233,012,25,31,08A,1167991,1891311,2015,09/17/2015 11:37:18 AM,41.857297615,-87.658856168,"(41.857297615, -87.658856168)"
10236890,HY424855,09/10/2015 06:45:00 PM,043XX N MONTICELLO AVE,0460,BATTERY,SIMPLE,RESIDENCE,false,false,1723,017,33,16,08B,1151278,1928594,2015,09/17/2015 11:37:18 AM,41.95994957,-87.719222964,"(41.95994957, -87.719222964)"
10230742,HY418481,09/10/2015 06:45:00 PM,002XX W 32ND ST,0850,THEFT,ATTEMPT THEFT,STREET,true,false,0915,009,11,34,06,1175013,1883731,2015,09/17/2015 11:37:18 AM,41.836343257,-87.633308399,"(41.836343257, -87.633308399)"
10230728,HY418471,09/10/2015 06:40:00 PM,004XX N RIDGEWAY AVE,2024,NARCOTICS,POSS: HEROIN(WHITE),SIDEWALK,true,false,1122,011,27,23,18,1151310,1902701,2015,09/17/2015 11:37:18 AM,41.888896302,-87.719786448,"(41.888896302, -87.719786448)"
10230654,HY418394,09/10/2015 06:35:00 PM,010XX N AVERS AVE,501A,OTHER OFFENSE,ANIMAL ABUSE/NEGLECT,ALLEY,false,false,1112,011,27,23,26,1150527,1906719,2015,09/17/2015 11:37:18 AM,41.899937434,-87.722556906,"(41.899937434, -87.722556906)"
10231915,HY419506,09/10/2015 06:30:00 PM,058XX W MADISON ST,1310,CRIMINAL DAMAGE,TO PROPERTY,BARBERSHOP,false,false,1513,015,29,25,14,1137246,1899413,2015,09/17/2015 11:37:18 AM,41.880137931,-87.771514635,"(41.880137931, -87.771514635)"
10230775,HY418446,09/10/2015 06:30:00 PM,046XX W DIVERSEY AVE,0860,THEFT,RETAIL THEFT,DEPARTMENT STORE,true,false,2521,025,31,20,06,1144951,1918212,2015,09/17/2015 11:37:18 AM,41.931582515,-87.742747165,"(41.931582515, -87.742747165)"
10230898,HY418621,09/10/2015 06:30:00 PM,0000X E HUBBARD ST,0460,BATTERY,SIMPLE,SIDEWALK,false,false,1834,018,42,8,08B,1176801,1903335,2015,09/17/2015 11:37:18 AM,41.890097727,-87.626155085,"(41.890097727, -87.626155085)"
10230914,HY418513,09/10/2015 06:30:00 PM,055XX S HYDE PARK BLVD,0486,BATTERY,DOMESTIC BATTERY SIMPLE,APARTMENT,false,true,0235,002,5,41,08B,1188601,1868603,2015,09/17/2015 11:37:18 AM,41.794516399,-87.583933877,"(41.794516399, -87.583933877)"
10230873,HY418431,09/10/2015 06:30:00 PM,103XX S OGLESBY AVE,1310,CRIMINAL DAMAGE,TO PROPERTY,RESIDENCE,false,true,0434,004,10,51,14,1193855,1836828,2015,09/17/2015 11:37:18 AM,41.707195937,-87.565707508,"(41.707195937, -87.565707508)"
10232026,HY419590,09/10/2015 06:30:00 PM,091XX S COMMERCIAL AVE,2820,OTHER OFFENSE,TELEPHONE THREAT,RESIDENCE,false,false,0424,004,10,46,26,1197731,1844980,2015,09/17/2015 11:37:18 AM,41.729470047,-87.551242708,"(41.729470047, -87.551242708)"
10233962,HY422291,09/10/2015 06:30:00 PM,005XX W MELROSE ST,1365,CRIMINAL TRESPASS,TO RESIDENCE,RESIDENCE,false,false,1925,019,44,6,26,1172021,1921903,2015,09/17/2015 11:37:18 AM,41.941155997,-87.643160503,"(41.941155997, -87.643160503)"
10230948,HY418684,09/10/2015 06:30:00 PM,015XX W ADDISON ST,0910,MOTOR VEHICLE THEFT,AUTOMOBILE,PARKING LOT/GARAGE(NON.RESID.),false,false,1922,019,44,6,07,1165518,1923989,2015,09/17/2015 11:37:18 AM,41.947021269,-87.667001801,"(41.947021269, -87.667001801)"
10230762,HY418456,09/10/2015 06:23:00 PM,048XX W MADISON ST,1460,WEAPONS VIOLATION,POSS FIREARM/AMMO:NO FOID CARD,APARTMENT,true,false,1533,015,28,25,15,1144135,1899586,2015,09/17/2015 11:37:18 AM,41.880486128,-87.746214353,"(41.880486128, -87.746214353)"
10230725,HY418444,09/10/2015 06:23:00 PM,107XX S WENTWORTH AVE,1811,NARCOTICS,POSS: CANNABIS 30GMS OR LESS,CONVENIENCE STORE,true,false,0513,005,34,49,18,1176846,1833909,2015,09/17/2015 11:37:18 AM,41.699584978,-87.628081503,"(41.699584978, -87.628081503)"
10230802,HY418397,09/10/2015 06:21:00 PM,007XX W 117TH PL,1310,CRIMINAL DAMAGE,TO PROPERTY,RESIDENCE,false,false,0524,005,34,53,14,1173397,1827021,2015,09/17/2015 11:37:18 AM,41.680760039,-87.640912952,"(41.680760039, -87.640912952)"
10230663,HY418404,09/10/2015 06:20:00 PM,002XX S LOTUS AVE,3731,INTERFERENCE WITH PUBLIC OFFICER,OBSTRUCTING IDENTIFICATION,SIDEWALK,true,false,1522,015,29,25,24,1139911,1898709,2015,09/17/2015 11:37:18 AM,41.878157774,-87.761746134,"(41.878157774, -87.761746134)"
10230851,HY418419,09/10/2015 06:20:00 PM,090XX S ESCANABA AVE,0460,BATTERY,SIMPLE,APARTMENT,false,true,0423,004,10,46,08B,1196958,1845654,2015,09/17/2015 11:37:18 AM,41.731338797,-87.554051998,"(41.731338797, -87.554051998)"
10230712,HY418423,09/10/2015 06:15:00 PM,067XX S KEDZIE AVE,1310,CRIMINAL DAMAGE,TO PROPERTY,PARK PROPERTY,false,false,0831,008,18,66,14,1156204,1859967,2015,09/17/2015 11:37:18 AM,41.771531518,-87.70296528,"(41.771531518, -87.70296528)"
10230868,HY418584,09/10/2015 06:15:00 PM,115XX S MAPLEWOOD AVE,0610,BURGLARY,FORCIBLE ENTRY,RESIDENCE,false,false,2212,022,19,75,05,1161464,1827841,2015,09/17/2015 11:37:18 AM,41.68326514,-87.684571324,"(41.68326514, -87.684571324)"
10230679,HY418395,09/10/2015 06:12:00 PM,001XX S CLINTON ST,2826,OTHER OFFENSE,HARASSMENT BY ELECTRONIC MEANS,OTHER,false,false,0121,001,2,28,26,1172750,1899670,2015,09/17/2015 11:37:18 AM,41.880131389,-87.641140619,"(41.880131389, -87.641140619)"
10230693,HY418434,09/10/2015 06:08:00 PM,005XX E 67TH ST,4625,OTHER OFFENSE,PAROLE VIOLATION,SIDEWALK,true,false,0321,003,20,42,26,1181155,1860713,2015,09/17/2015 11:37:18 AM,41.773040374,-87.611480737,"(41.773040374, -87.611480737)"
10232519,HY418398,09/10/2015 06:06:00 PM,020XX W ARTHUR AVE,4386,OTHER OFFENSE,VIOLATION OF CIVIL NO CONTACT ORDER,APARTMENT,false,false,2412,024,50,2,26,1161570,1943154,2015,09/17/2015 11:37:18 AM,41.999694157,-87.680977084,"(41.999694157, -87.680977084)"
10230821,HY418585,09/10/2015 06:05:00 PM,014XX W JACKSON BLVD,0870,THEFT,POCKET-PICKING,STREET,false,false,1231,012,2,28,06,1166793,1898733,2015,09/17/2015 11:37:18 AM,41.877689945,-87.66304078,"(41.877689945, -87.66304078)"
10230923,HY418453,09/10/2015 06:03:00 PM,053XX S HALSTED ST,1811,NARCOTICS,POSS: CANNABIS 30GMS OR LESS,STREET,true,false,0935,009,3,61,18,1171882,1869260,2015,09/17/2015 11:37:18 AM,41.796702862,-87.64522234,"(41.796702862, -87.64522234)"
10230860,HY418389,09/10/2015 06:02:00 PM,006XX E 81ST ST,0460,BATTERY,SIMPLE,RESIDENCE PORCH/HALLWAY,false,false,0631,006,6,44,08B,1182113,1851442,2015,09/17/2015 11:37:18 AM,41.747577677,-87.608255439,"(41.747577677, -87.608255439)"
10237365,HY425335,09/10/2015 06:00:00 PM,0000X S WABASH AVE,0890,THEFT,FROM BUILDING,HOTEL/MOTEL,false,false,0112,001,42,32,06,,,2015,09/17/2015 11:37:18 AM,,,
10233199,HY419017,09/10/2015 06:00:00 PM,042XX W MADISON ST,0520,ASSAULT,AGGRAVATED:KNIFE/CUTTING INSTR,RESTAURANT,false,false,1115,011,28,26,04A,1148227,1899678,2015,09/17/2015 11:37:18 AM,41.880660786,-87.731186405,"(41.880660786, -87.731186405)"
10230822,HY418468,09/10/2015 06:00:00 PM,005XX E 32ND ST,0320,ROBBERY,STRONGARM - NO WEAPON,OTHER,false,false,0211,002,4,35,03,1180539,1883677,2015,09/17/2015 11:37:18 AM,41.836069707,-87.613033345,"(41.836069707, -87.613033345)"
10231152,HY418798,09/10/2015 06:00:00 PM,011XX W AINSLIE ST,0610,BURGLARY,FORCIBLE ENTRY,"SCHOOL, PRIVATE, BUILDING",false,false,2033,020,48,3,05,1167761,1932938,2015,09/17/2015 11:37:18 AM,41.971529513,-87.658498155,"(41.971529513, -87.658498155)"
10230789,HY418483,09/10/2015 06:00:00 PM,040XX W MADISON ST,3731,INTERFERENCE WITH PUBLIC OFFICER,OBSTRUCTING IDENTIFICATION,STREET,true,false,1115,011,28,26,24,1149521,1899707,2015,09/17/2015 11:37:18 AM,41.880715353,-87.726434156,"(41.880715353, -87.726434156)"
10236786,HY424525,09/10/2015 06:00:00 PM,030XX W CERMAK RD,0486,BATTERY,DOMESTIC BATTERY SIMPLE,APARTMENT,false,true,1033,010,24,30,08B,1156228,1889221,2015,09/17/2015 11:37:18 AM,41.851807872,-87.702089616,"(41.851807872, -87.702089616)"
10230864,HY418595,09/10/2015 06:00:00 PM,013XX N WALLER AVE,0917,MOTOR VEHICLE THEFT,"CYCLE, SCOOTER, BIKE W-VIN",STREET,false,false,2531,025,29,25,07,1138101,1908249,2015,09/17/2015 11:37:18 AM,41.904369629,-87.768161415,"(41.904369629, -87.768161415)"
